{"loss": [1.3829385042190552, 0.46740415692329407, 0.2746236324310303, 0.1810486763715744, 0.13863234221935272, 0.10691195726394653, 0.08584921807050705, 0.07466687262058258, 0.05896015465259552, 0.058673445135354996], "accuracy": [0.5921615958213806, 0.852336585521698, 0.9109751582145691, 0.9410626888275146, 0.953965425491333, 0.9643217921257019, 0.9721459746360779, 0.9753751754760742, 0.9806387424468994, 0.9811651110649109], "val_loss": [0.6329739689826965, 0.31265124678611755, 0.23576806485652924, 0.17850112915039062, 0.14981327950954437, 0.11118637770414352, 0.11295172572135925, 0.1073233112692833, 0.13431894779205322, 0.09928426891565323], "val_accuracy": [0.801047146320343, 0.9004666805267334, 0.9211814403533936, 0.9417823553085327, 0.952481210231781, 0.965114951133728, 0.9660823941230774, 0.9674482345581055, 0.9610744118690491, 0.9714887142181396]}